{
	"K" : 
	[
		1.0635121e+03, 0.0000000e+00, 5.1173825e+02,
		0.0000000e+00, 1.0718636e+03, 3.5008829e+02,
		0.0000000e+00, 0.0000000e+00, 1.0000000e+00
	],
	"RT" : 
	[
		0.65097713, -0.7587173,   0.02402735, -0.5942785,
		-0.01886197, -0.04781039, -0.99867845,  0.9719739,
		0.758863,    0.649664,   -0.045434,    2.624511
	],
	"imgSize" : 
	[
		1032,
		776
	]
}
