{
	"K" : 
	[
		1.0976978e+03, 0.0000000e+00, 5.2165216e+02,
		0.0000000e+00, 1.0866685e+03, 3.7658707e+02,
		0.0000000e+00, 0.0000000e+00, 1.0000000e+00
	],
	"RT" : 
	[
		-0.01677109, -0.9998355,   0.00692612,  0.24584039,
		-0.02943505, -0.00643066, -0.99954623,  0.862727, 
		0.999426,   -0.016967,   -0.029322,    3.543943
	],
	"imgSize" : 
	[
		1032,
		776
	]
}
