{
	"K" : 
	[
		1.1300656e+03, 0.0000000e+00, 5.6688434e+02,
		0.0000000e+00, 1.1124703e+03, 3.7521271e+02,
		0.0000000e+00, 0.0000000e+00, 1.0000000e+00
	],
	"RT" : 
	[
		-0.78998613, -0.6105269,   0.05637994,  0.28062603,
		-0.37041247,  0.4019621,  -0.8373894,  0.70167285,
		0.488586,   -0.68241,    -0.543691,    3.893979
	],
	"imgSize" : 
	[
		1032,
		776
	]
}
