{
	"K" : 
	[
		1.0561626e+03, 0.0000000e+00, 5.5243573e+02,
		0.0000000e+00, 1.0596396e+03, 3.9318039e+02,
		0.0000000e+00, 0.0000000e+00, 1.0000000e+00
	],
	"RT" : 
	[
		-0.97056794,  0.23564765, -0.04967594,  0.20252647,
		0.09762984,  0.19643824, -0.9756435,  0.62373996,
		-0.22015,  -0.951779,   -0.213663,    3.760249
	],
	"imgSize" : 
	[
		1032,
		776
	]
}
