{
	"K" : 
	[
		1.0896542e+03, 0.0000000e+00, 4.9832962e+02,
		0.0000000e+00, 1.0809994e+03, 3.5951483e+02,
		0.0000000e+00, 0.0000000e+00, 1.0000000e+00
	],
	"RT" : 
	[
		-0.1941094,  0.98055434, -0.02888808, 0.51718044,
		0.23304527,  0.01748825, -0.9723088,  0.5017835,
		-0.952896,   -0.195466,   -0.231908,    4.038814
	],
	"imgSize" : 
	[
		1032,
		776
	]
}
